model,rmse,mape
Predictions_Linear_regression,0.946786480210741,3.584371831887989
alt_armax_preds,0.9274306837241414,3.1065334529563065
xgb_preds,0.7012674218034369,2.5052965712775555
